{
  "best_params": {
    "iterations": 634,
    "depth": 10,
    "learning_rate": 0.29670815219768837,
    "l2_leaf_reg": 3.8482154244394557,
    "bagging_temperature": 0.6053524683602199,
    "random_strength": 4.002481237343393,
    "border_count": 224
  },
  "metrics": {
    "f1_macro": 0.7428,
    "f1_weighted": 0.7726,
    "log_loss": 0.5134
  },
  "class_names": [
    "Standard",
    "Plus",
    "Premium"
  ],
  "label_encoding": {
    "Standard": 0,
    "Plus": 1,
    "Premium": 2
  }
}